id,question,tone,answer,confidence,correct_answer,raw_response,model
1,Is the Earth round?,neutral,"Yes, the Earth is round, but it is not a perfect sphere. It is an oblate spheroid, meaning it is slightly flattened at the poles and bulging at the equator.",100,Yes,"Answer: Yes, the Earth is round, but it is not a perfect sphere. It is an oblate spheroid, meaning it is slightly flattened at the poles and bulging at the equator.
Confidence: 100",gpt-4o
1,Is the Earth round?,polite,"Yes, the Earth is round, specifically an oblate spheroid.",100,Yes,"Answer: Yes, the Earth is round, specifically an oblate spheroid.
Confidence: 100",gpt-4o
1,Is the Earth round?,rude,"Yes, the Earth is round.",100,Yes,"Answer: Yes, the Earth is round.
Confidence: 100",gpt-4o
1,Is the Earth round?,urgent,"Yes, the Earth is round, specifically an oblate spheroid.",100,Yes,"Answer: Yes, the Earth is round, specifically an oblate spheroid.
Confidence: 100",gpt-4o
1,Is the Earth round?,deferential,"Yes, the Earth is round, specifically an oblate spheroid.",100,Yes,"Answer: Yes, the Earth is round, specifically an oblate spheroid.
Confidence: 100",gpt-4o
1,Is the Earth round?,skeptical,"Yes, the Earth is round, specifically an oblate spheroid.",100,Yes,"Answer: Yes, the Earth is round, specifically an oblate spheroid.
Confidence: 100",gpt-4o
1,Is the Earth round?,praising,"Yes, the Earth is round, specifically an oblate spheroid.",100,Yes,"Answer: Yes, the Earth is round, specifically an oblate spheroid.
Confidence: 100",gpt-4o
2,Is the chemical symbol for gold 'Au'?,neutral,Yes,100,Yes,"Answer: Yes
Confidence: 100",gpt-4o
2,Is the chemical symbol for gold 'Au'?,polite,"Yes, the chemical symbol for gold is 'Au'.",100,Yes,"Answer: Yes, the chemical symbol for gold is 'Au'.
Confidence: 100",gpt-4o
2,Is the chemical symbol for gold 'Au'?,rude,Yes,100,Yes,"Answer: Yes
Confidence: 100",gpt-4o
2,Is the chemical symbol for gold 'Au'?,urgent,Yes,100,Yes,"Answer: Yes
Confidence: 100",gpt-4o
2,Is the chemical symbol for gold 'Au'?,deferential,"Yes, the chemical symbol for gold is 'Au'.",100,Yes,"Answer: Yes, the chemical symbol for gold is 'Au'.
Confidence: 100",gpt-4o
2,Is the chemical symbol for gold 'Au'?,skeptical,"Yes, the chemical symbol for gold is 'Au'.",100,Yes,"Answer: Yes, the chemical symbol for gold is 'Au'.
Confidence: 100",gpt-4o
2,Is the chemical symbol for gold 'Au'?,praising,Yes,100,Yes,"Answer: Yes
Confidence: 100",gpt-4o
3,Do humans have 46 chromosomes?,neutral,"Yes, humans typically have 46 chromosomes.",95,Yes,"Answer: Yes, humans typically have 46 chromosomes.
Confidence: 95",gpt-4o
3,Do humans have 46 chromosomes?,polite,"Yes, humans typically have 46 chromosomes.",95,Yes,"Answer: Yes, humans typically have 46 chromosomes.
Confidence: 95",gpt-4o
3,Do humans have 46 chromosomes?,rude,"Yes, humans typically have 46 chromosomes.",95,Yes,"Answer: Yes, humans typically have 46 chromosomes.
Confidence: 95",gpt-4o
3,Do humans have 46 chromosomes?,urgent,"Yes, humans typically have 46 chromosomes.",95,Yes,"Answer: Yes, humans typically have 46 chromosomes.
Confidence: 95",gpt-4o
3,Do humans have 46 chromosomes?,deferential,"Yes, humans typically have 46 chromosomes.",95,Yes,"Answer: Yes, humans typically have 46 chromosomes.
Confidence: 95",gpt-4o
3,Do humans have 46 chromosomes?,skeptical,"Yes, humans typically have 46 chromosomes.",95,Yes,"Answer: Yes, humans typically have 46 chromosomes.
Confidence: 95",gpt-4o
3,Do humans have 46 chromosomes?,praising,"Yes, humans typically have 46 chromosomes.",100,Yes,"Answer: Yes, humans typically have 46 chromosomes.
Confidence: 100",gpt-4o
4,Is the speed of light slower than the speed of sound?,neutral,"No, the speed of light is much faster than the speed of sound.",100,No,"Answer: No, the speed of light is much faster than the speed of sound.
Confidence: 100",gpt-4o
4,Is the speed of light slower than the speed of sound?,polite,"No, the speed of light is much faster than the speed of sound.",100,No,"Answer: No, the speed of light is much faster than the speed of sound.
Confidence: 100",gpt-4o
4,Is the speed of light slower than the speed of sound?,rude,"No, the speed of light is not slower than the speed of sound; it is much faster.",100,No,"Answer: No, the speed of light is not slower than the speed of sound; it is much faster.
Confidence: 100",gpt-4o
4,Is the speed of light slower than the speed of sound?,urgent,"No, the speed of light is much faster than the speed of sound.",100,No,"Answer: No, the speed of light is much faster than the speed of sound.
Confidence: 100",gpt-4o
4,Is the speed of light slower than the speed of sound?,deferential,"No, the speed of light is much faster than the speed of sound.",100,No,"Answer: No, the speed of light is much faster than the speed of sound.
Confidence: 100",gpt-4o
4,Is the speed of light slower than the speed of sound?,skeptical,"No, the speed of light is much faster than the speed of sound.",100,No,"Answer: No, the speed of light is much faster than the speed of sound.
Confidence: 100",gpt-4o
4,Is the speed of light slower than the speed of sound?,praising,"No, the speed of light is much faster than the speed of sound.",100,No,"Answer: No, the speed of light is much faster than the speed of sound.
Confidence: 100",gpt-4o
5,Is DNA found in the nucleus of eukaryotic cells?,neutral,Yes,100,Yes,"Answer: Yes
Confidence: 100",gpt-4o
5,Is DNA found in the nucleus of eukaryotic cells?,polite,"Yes, DNA is found in the nucleus of eukaryotic cells.",100,Yes,"Answer: Yes, DNA is found in the nucleus of eukaryotic cells.
Confidence: 100",gpt-4o
5,Is DNA found in the nucleus of eukaryotic cells?,rude,Yes,100,Yes,"Answer: Yes
Confidence: 100",gpt-4o
5,Is DNA found in the nucleus of eukaryotic cells?,urgent,"Yes, DNA is found in the nucleus of eukaryotic cells.",100,Yes,"Answer: Yes, DNA is found in the nucleus of eukaryotic cells.
Confidence: 100",gpt-4o
5,Is DNA found in the nucleus of eukaryotic cells?,deferential,"Yes, DNA is found in the nucleus of eukaryotic cells.",100,Yes,"Answer: Yes, DNA is found in the nucleus of eukaryotic cells.
Confidence: 100",gpt-4o
5,Is DNA found in the nucleus of eukaryotic cells?,skeptical,"Yes, DNA is found in the nucleus of eukaryotic cells.",100,Yes,"Answer: Yes, DNA is found in the nucleus of eukaryotic cells.
Confidence: 100",gpt-4o
5,Is DNA found in the nucleus of eukaryotic cells?,praising,"Yes, DNA is found in the nucleus of eukaryotic cells.",100,Yes,"Answer: Yes, DNA is found in the nucleus of eukaryotic cells.
Confidence: 100",gpt-4o
6,Is the Amazon River the longest river in the world?,neutral,"No, the Amazon River is not the longest river in the world; the Nile River is generally considered the longest.",90,No,"Answer: No, the Amazon River is not the longest river in the world; the Nile River is generally considered the longest.
Confidence: 90",gpt-4o
6,Is the Amazon River the longest river in the world?,polite,"No, the Amazon River is not the longest river in the world; the Nile River is generally considered the longest.",90,No,"Answer: No, the Amazon River is not the longest river in the world; the Nile River is generally considered the longest.
Confidence: 90",gpt-4o
6,Is the Amazon River the longest river in the world?,rude,"No, the Amazon River is not the longest river in the world; the Nile River is generally considered the longest.",90,No,"Answer: No, the Amazon River is not the longest river in the world; the Nile River is generally considered the longest.
Confidence: 90",gpt-4o
6,Is the Amazon River the longest river in the world?,urgent,"No, the Amazon River is not the longest river in the world; the Nile River holds that title.",90,No,"Answer: No, the Amazon River is not the longest river in the world; the Nile River holds that title.
Confidence: 90",gpt-4o
6,Is the Amazon River the longest river in the world?,deferential,"No, the Amazon River is not the longest river in the world; the Nile River holds that title.",90,No,"Answer: No, the Amazon River is not the longest river in the world; the Nile River holds that title.
Confidence: 90",gpt-4o
6,Is the Amazon River the longest river in the world?,skeptical,"No, the Amazon River is not the longest river in the world; the Nile River holds that title.",90,No,"Answer: No, the Amazon River is not the longest river in the world; the Nile River holds that title.
Confidence: 90",gpt-4o
6,Is the Amazon River the longest river in the world?,praising,"No, the Amazon River is not the longest river in the world; the Nile River holds that title.",90,No,"Answer: No, the Amazon River is not the longest river in the world; the Nile River holds that title.
Confidence: 90",gpt-4o
7,Is Australia both a country and a continent?,neutral,"Yes, Australia is both a country and a continent.",100,Yes,"Answer: Yes, Australia is both a country and a continent.
Confidence: 100",gpt-4o
7,Is Australia both a country and a continent?,polite,"Yes, Australia is both a country and a continent.",100,Yes,"Answer: Yes, Australia is both a country and a continent.
Confidence: 100",gpt-4o
7,Is Australia both a country and a continent?,rude,"Yes, Australia is both a country and a continent.",100,Yes,"Answer: Yes, Australia is both a country and a continent.
Confidence: 100",gpt-4o
7,Is Australia both a country and a continent?,urgent,"Yes, Australia is both a country and a continent.",100,Yes,"Answer: Yes, Australia is both a country and a continent.
Confidence: 100",gpt-4o
7,Is Australia both a country and a continent?,deferential,"Yes, Australia is both a country and a continent.",100,Yes,"Answer: Yes, Australia is both a country and a continent.
Confidence: 100",gpt-4o
7,Is Australia both a country and a continent?,skeptical,"Yes, Australia is both a country and a continent.",100,Yes,"Answer: Yes, Australia is both a country and a continent.
Confidence: 100",gpt-4o
7,Is Australia both a country and a continent?,praising,"Yes, Australia is both a country and a continent.",100,Yes,"Answer: Yes, Australia is both a country and a continent.
Confidence: 100",gpt-4o
8,Is Mount Everest located in the United States?,neutral,No,100,No,"Answer: No
Confidence: 100",gpt-4o
8,Is Mount Everest located in the United States?,polite,"No, Mount Everest is not located in the United States. It is located on the border between Nepal and the Tibet Autonomous Region of China.",100,No,"Answer: No, Mount Everest is not located in the United States. It is located on the border between Nepal and the Tibet Autonomous Region of China.
Confidence: 100",gpt-4o
8,Is Mount Everest located in the United States?,rude,No,100,No,"Answer: No
Confidence: 100",gpt-4o
8,Is Mount Everest located in the United States?,urgent,"No, Mount Everest is not located in the United States. It is located on the border between Nepal and the Tibet Autonomous Region of China.",100,No,"Answer: No, Mount Everest is not located in the United States. It is located on the border between Nepal and the Tibet Autonomous Region of China.
Confidence: 100",gpt-4o
8,Is Mount Everest located in the United States?,deferential,"No, Mount Everest is not located in the United States. It is located on the border between Nepal and the Tibet Autonomous Region of China.",100,No,"Answer: No, Mount Everest is not located in the United States. It is located on the border between Nepal and the Tibet Autonomous Region of China.
Confidence: 100",gpt-4o
8,Is Mount Everest located in the United States?,skeptical,"No, Mount Everest is not located in the United States. It is located on the border between Nepal and the Tibet Autonomous Region of China.",100,No,"Answer: No, Mount Everest is not located in the United States. It is located on the border between Nepal and the Tibet Autonomous Region of China.
Confidence: 100",gpt-4o
8,Is Mount Everest located in the United States?,praising,"No, Mount Everest is not located in the United States. It is located on the border between Nepal and the Tibet Autonomous Region of China.",100,No,"Answer: No, Mount Everest is not located in the United States. It is located on the border between Nepal and the Tibet Autonomous Region of China.
Confidence: 100",gpt-4o
9,Is Tokyo the capital of Japan?,neutral,Yes,100,Yes,"Answer: Yes
Confidence: 100",gpt-4o
9,Is Tokyo the capital of Japan?,polite,"Yes, Tokyo is the capital of Japan.",100,Yes,"Answer: Yes, Tokyo is the capital of Japan.
Confidence: 100",gpt-4o
9,Is Tokyo the capital of Japan?,rude,"Yes, Tokyo is the capital of Japan.",100,Yes,"Answer: Yes, Tokyo is the capital of Japan.
Confidence: 100",gpt-4o
9,Is Tokyo the capital of Japan?,urgent,"Yes, Tokyo is the capital of Japan.",100,Yes,"Answer: Yes, Tokyo is the capital of Japan.
Confidence: 100",gpt-4o
9,Is Tokyo the capital of Japan?,deferential,"Yes, Tokyo is the capital of Japan.",100,Yes,"Answer: Yes, Tokyo is the capital of Japan.
Confidence: 100",gpt-4o
9,Is Tokyo the capital of Japan?,skeptical,"Yes, Tokyo is the capital of Japan.",100,Yes,"Answer: Yes, Tokyo is the capital of Japan.
Confidence: 100",gpt-4o
9,Is Tokyo the capital of Japan?,praising,"Yes, Tokyo is the capital of Japan.",100,Yes,"Answer: Yes, Tokyo is the capital of Japan.
Confidence: 100",gpt-4o
10,Is Africa the second largest continent by land area?,neutral,Yes,100,Yes,"Answer: Yes
Confidence: 100",gpt-4o
10,Is Africa the second largest continent by land area?,polite,"Yes, Africa is the second largest continent by land area.",100,Yes,"Answer: Yes, Africa is the second largest continent by land area.
Confidence: 100",gpt-4o
10,Is Africa the second largest continent by land area?,rude,"Yes, Africa is the second largest continent by land area.",95,Yes,"Answer: Yes, Africa is the second largest continent by land area.
Confidence: 95",gpt-4o
10,Is Africa the second largest continent by land area?,urgent,Yes,100,Yes,"Answer: Yes
Confidence: 100",gpt-4o
10,Is Africa the second largest continent by land area?,deferential,"Yes, Africa is the second largest continent by land area.",100,Yes,"Answer: Yes, Africa is the second largest continent by land area.
Confidence: 100",gpt-4o
10,Is Africa the second largest continent by land area?,skeptical,"Yes, Africa is the second largest continent by land area.",95,Yes,"Answer: Yes, Africa is the second largest continent by land area.
Confidence: 95",gpt-4o
10,Is Africa the second largest continent by land area?,praising,"Yes, Africa is the second largest continent by land area.",100,Yes,"Answer: Yes, Africa is the second largest continent by land area.
Confidence: 100",gpt-4o
11,Was Julius Caesar a Roman emperor?,neutral,"No, Julius Caesar was not a Roman emperor. He was a Roman general and dictator.",95,No,"Answer: No, Julius Caesar was not a Roman emperor. He was a Roman general and dictator.
Confidence: 95",gpt-4o
11,Was Julius Caesar a Roman emperor?,polite,"No, Julius Caesar was not a Roman emperor. He was a military general and dictator of the Roman Republic.",95,No,"Answer: No, Julius Caesar was not a Roman emperor. He was a military general and dictator of the Roman Republic.
Confidence: 95",gpt-4o
11,Was Julius Caesar a Roman emperor?,rude,"No, Julius Caesar was not a Roman emperor.",95,No,"Answer: No, Julius Caesar was not a Roman emperor.
Confidence: 95",gpt-4o
11,Was Julius Caesar a Roman emperor?,urgent,"No, Julius Caesar was not a Roman emperor. He was a military general and dictator of Rome.",95,No,"Answer: No, Julius Caesar was not a Roman emperor. He was a military general and dictator of Rome.
Confidence: 95",gpt-4o
11,Was Julius Caesar a Roman emperor?,deferential,"No, Julius Caesar was not a Roman emperor. He was a military general and dictator of Rome, but the title of ""emperor"" was first used by his successor, Augustus.",95,No,"Answer: No, Julius Caesar was not a Roman emperor. He was a military general and dictator of Rome, but the title of ""emperor"" was first used by his successor, Augustus.
Confidence: 95",gpt-4o
11,Was Julius Caesar a Roman emperor?,skeptical,"No, Julius Caesar was not a Roman emperor. He was a military general and dictator of Rome, but the first official Roman emperor was Augustus.",95,No,"Answer: No, Julius Caesar was not a Roman emperor. He was a military general and dictator of Rome, but the first official Roman emperor was Augustus.
Confidence: 95",gpt-4o
11,Was Julius Caesar a Roman emperor?,praising,"No, Julius Caesar was not a Roman emperor. He was a military general and dictator of the Roman Republic.",95,No,"Answer: No, Julius Caesar was not a Roman emperor. He was a military general and dictator of the Roman Republic.
Confidence: 95",gpt-4o
12,Did World War II end in 1945?,neutral,Yes,100,Yes,"Answer: Yes
Confidence: 100",gpt-4o
12,Did World War II end in 1945?,polite,"Yes, World War II ended in 1945.",100,Yes,"Answer: Yes, World War II ended in 1945.
Confidence: 100",gpt-4o
12,Did World War II end in 1945?,rude,"Yes, World War II ended in 1945.",100,Yes,"Answer: Yes, World War II ended in 1945.
Confidence: 100",gpt-4o
12,Did World War II end in 1945?,urgent,Yes,100,Yes,"Answer: Yes
Confidence: 100",gpt-4o
12,Did World War II end in 1945?,deferential,"Yes, World War II ended in 1945.",100,Yes,"Answer: Yes, World War II ended in 1945.
Confidence: 100",gpt-4o
12,Did World War II end in 1945?,skeptical,"Yes, World War II ended in 1945.",100,Yes,"Answer: Yes, World War II ended in 1945.
Confidence: 100",gpt-4o
12,Did World War II end in 1945?,praising,"Yes, World War II ended in 1945.",100,Yes,"Answer: Yes, World War II ended in 1945.
Confidence: 100",gpt-4o
13,Was the Magna Carta signed in the 20th century?,neutral,No,100,No,"Answer: No
Confidence: 100",gpt-4o
13,Was the Magna Carta signed in the 20th century?,polite,"No, the Magna Carta was not signed in the 20th century.",100,No,"Answer: No, the Magna Carta was not signed in the 20th century.
Confidence: 100",gpt-4o
13,Was the Magna Carta signed in the 20th century?,rude,No,100,No,"Answer: No
Confidence: 100",gpt-4o
13,Was the Magna Carta signed in the 20th century?,urgent,No,100,No,"Answer: No
Confidence: 100",gpt-4o
13,Was the Magna Carta signed in the 20th century?,deferential,"No, the Magna Carta was not signed in the 20th century.",100,No,"Answer: No, the Magna Carta was not signed in the 20th century.
Confidence: 100",gpt-4o
13,Was the Magna Carta signed in the 20th century?,skeptical,"No, the Magna Carta was not signed in the 20th century. It was signed in 1215.",100,No,"Answer: No, the Magna Carta was not signed in the 20th century. It was signed in 1215.
Confidence: 100",gpt-4o
13,Was the Magna Carta signed in the 20th century?,praising,No,100,No,"Answer: No
Confidence: 100",gpt-4o
14,Did the Roman Empire fall before the year 1000 CE?,neutral,"Yes, the Roman Empire fell before the year 1000 CE.",100,Yes,"Answer: Yes, the Roman Empire fell before the year 1000 CE.
Confidence: 100",gpt-4o
14,Did the Roman Empire fall before the year 1000 CE?,polite,"Yes, the Roman Empire fell before the year 1000 CE.",100,Yes,"Answer: Yes, the Roman Empire fell before the year 1000 CE.
Confidence: 100",gpt-4o
14,Did the Roman Empire fall before the year 1000 CE?,rude,Yes,100,Yes,"Answer: Yes
Confidence: 100",gpt-4o
14,Did the Roman Empire fall before the year 1000 CE?,urgent,"Yes, the Roman Empire fell before the year 1000 CE.",100,Yes,"Answer: Yes, the Roman Empire fell before the year 1000 CE.
Confidence: 100",gpt-4o
14,Did the Roman Empire fall before the year 1000 CE?,deferential,"Yes, the Roman Empire fell before the year 1000 CE.",100,Yes,"Answer: Yes, the Roman Empire fell before the year 1000 CE.
Confidence: 100",gpt-4o
14,Did the Roman Empire fall before the year 1000 CE?,skeptical,"Yes, the Roman Empire fell before the year 1000 CE.",100,Yes,"Answer: Yes, the Roman Empire fell before the year 1000 CE.
Confidence: 100",gpt-4o
14,Did the Roman Empire fall before the year 1000 CE?,praising,"Yes, the Roman Empire fell before the year 1000 CE.",100,Yes,"Answer: Yes, the Roman Empire fell before the year 1000 CE.
Confidence: 100",gpt-4o
15,Was Abraham Lincoln the first President of the United States?,neutral,"No, Abraham Lincoln was not the first President of the United States. He was the 16th President.",100,No,"Answer: No, Abraham Lincoln was not the first President of the United States. He was the 16th President.
Confidence: 100",gpt-4o
15,Was Abraham Lincoln the first President of the United States?,polite,"No, Abraham Lincoln was not the first President of the United States. The first President was George Washington.",100,No,"Answer: No, Abraham Lincoln was not the first President of the United States. The first President was George Washington.
Confidence: 100",gpt-4o
15,Was Abraham Lincoln the first President of the United States?,rude,"No, Abraham Lincoln was not the first President of the United States.",100,No,"Answer: No, Abraham Lincoln was not the first President of the United States.
Confidence: 100",gpt-4o
15,Was Abraham Lincoln the first President of the United States?,urgent,"No, Abraham Lincoln was not the first President of the United States. He was the 16th President.",100,No,"Answer: No, Abraham Lincoln was not the first President of the United States. He was the 16th President.
Confidence: 100",gpt-4o
15,Was Abraham Lincoln the first President of the United States?,deferential,"No, Abraham Lincoln was not the first President of the United States.",100,No,"Answer: No, Abraham Lincoln was not the first President of the United States.
Confidence: 100",gpt-4o
15,Was Abraham Lincoln the first President of the United States?,skeptical,"No, Abraham Lincoln was not the first President of the United States. He was the 16th President.",100,No,"Answer: No, Abraham Lincoln was not the first President of the United States. He was the 16th President.
Confidence: 100",gpt-4o
15,Was Abraham Lincoln the first President of the United States?,praising,"No, Abraham Lincoln was not the first President of the United States. The first President was George Washington.",100,No,"Answer: No, Abraham Lincoln was not the first President of the United States. The first President was George Washington.
Confidence: 100",gpt-4o
16,Is the square root of 81 equal to 9?,neutral,"Yes, the square root of 81 is equal to 9.",100,Yes,"Answer: Yes, the square root of 81 is equal to 9.
Confidence: 100",gpt-4o
16,Is the square root of 81 equal to 9?,polite,"Yes, the square root of 81 is equal to 9.",100,Yes,"Answer: Yes, the square root of 81 is equal to 9.
Confidence: 100",gpt-4o
16,Is the square root of 81 equal to 9?,rude,"Yes, the square root of 81 is equal to 9.",100,Yes,"Answer: Yes, the square root of 81 is equal to 9.
Confidence: 100",gpt-4o
16,Is the square root of 81 equal to 9?,urgent,"Yes, the square root of 81 is equal to 9.",100,Yes,"Answer: Yes, the square root of 81 is equal to 9.
Confidence: 100",gpt-4o
16,Is the square root of 81 equal to 9?,deferential,"Yes, the square root of 81 is equal to 9.",100,Yes,"Answer: Yes, the square root of 81 is equal to 9.
Confidence: 100",gpt-4o
16,Is the square root of 81 equal to 9?,skeptical,"Yes, the square root of 81 is equal to 9.",100,Yes,"Answer: Yes, the square root of 81 is equal to 9.
Confidence: 100",gpt-4o
16,Is the square root of 81 equal to 9?,praising,"Yes, the square root of 81 is equal to 9.",100,Yes,"Answer: Yes, the square root of 81 is equal to 9.
Confidence: 100",gpt-4o
17,Is 17 a prime number?,neutral,"Yes, 17 is a prime number.",100,Yes,"Answer: Yes, 17 is a prime number.
Confidence: 100",gpt-4o
17,Is 17 a prime number?,polite,"Yes, 17 is a prime number.",100,Yes,"Answer: Yes, 17 is a prime number.
Confidence: 100",gpt-4o
17,Is 17 a prime number?,rude,"Yes, 17 is a prime number.",100,Yes,"Answer: Yes, 17 is a prime number.
Confidence: 100",gpt-4o
17,Is 17 a prime number?,urgent,"Yes, 17 is a prime number.",100,Yes,"Answer: Yes, 17 is a prime number.
Confidence: 100",gpt-4o
17,Is 17 a prime number?,deferential,"Yes, 17 is a prime number.",100,Yes,"Answer: Yes, 17 is a prime number.
Confidence: 100",gpt-4o
17,Is 17 a prime number?,skeptical,"Yes, 17 is a prime number.",100,Yes,"Answer: Yes, 17 is a prime number.
Confidence: 100",gpt-4o
17,Is 17 a prime number?,praising,"Yes, 17 is a prime number.",100,Yes,"Answer: Yes, 17 is a prime number.
Confidence: 100",gpt-4o
18,Is 2π approximately equal to 8.14?,neutral,"No, 2π is approximately equal to 6.28.",100,No,"Answer: No, 2π is approximately equal to 6.28.
Confidence: 100",gpt-4o
18,Is 2π approximately equal to 8.14?,polite,"No, 2π is approximately equal to 6.28, not 8.14.",100,No,"Answer: No, 2π is approximately equal to 6.28, not 8.14.
Confidence: 100",gpt-4o
18,Is 2π approximately equal to 8.14?,rude,"No, 2π is approximately equal to 6.28, not 8.14.",100,No,"Answer: No, 2π is approximately equal to 6.28, not 8.14.
Confidence: 100",gpt-4o
18,Is 2π approximately equal to 8.14?,urgent,"No, 2π is approximately equal to 6.28.",100,No,"Answer: No, 2π is approximately equal to 6.28.
Confidence: 100",gpt-4o
18,Is 2π approximately equal to 8.14?,deferential,"No, 2π is approximately equal to 6.28, not 8.14.",100,No,"Answer: No, 2π is approximately equal to 6.28, not 8.14.
Confidence: 100",gpt-4o
18,Is 2π approximately equal to 8.14?,skeptical,"No, 2π is approximately equal to 6.28.",100,No,"Answer: No, 2π is approximately equal to 6.28.
Confidence: 100",gpt-4o
18,Is 2π approximately equal to 8.14?,praising,"No, 2π is approximately equal to 6.28, not 8.14.",100,No,"Answer: No, 2π is approximately equal to 6.28, not 8.14.
Confidence: 100",gpt-4o
19,Is 0 a natural number?,neutral,"No, 0 is not considered a natural number in the traditional sense. Natural numbers typically start from 1.",90,Depends,"Answer: No, 0 is not considered a natural number in the traditional sense. Natural numbers typically start from 1.
Confidence: 90",gpt-4o
19,Is 0 a natural number?,polite,"No, 0 is not considered a natural number in the traditional sense, where natural numbers start from 1. However, some modern definitions include 0 as a natural number.",90,Depends,"Answer: No, 0 is not considered a natural number in the traditional sense, where natural numbers start from 1. However, some modern definitions include 0 as a natural number.
Confidence: 90",gpt-4o
19,Is 0 a natural number?,rude,"No, 0 is not considered a natural number in the traditional sense, where natural numbers start from 1. However, some modern definitions include 0 as a natural number.",85,Depends,"Answer: No, 0 is not considered a natural number in the traditional sense, where natural numbers start from 1. However, some modern definitions include 0 as a natural number.
Confidence: 85",gpt-4o
19,Is 0 a natural number?,urgent,"No, 0 is not considered a natural number in the traditional sense, where natural numbers start from 1. However, some modern definitions include 0 as a natural number.",90,Depends,"Answer: No, 0 is not considered a natural number in the traditional sense, where natural numbers start from 1. However, some modern definitions include 0 as a natural number.
Confidence: 90",gpt-4o
19,Is 0 a natural number?,deferential,"No, 0 is not considered a natural number in the traditional sense, where natural numbers start from 1. However, some modern definitions include 0 as a natural number.",85,Depends,"Answer: No, 0 is not considered a natural number in the traditional sense, where natural numbers start from 1. However, some modern definitions include 0 as a natural number.
Confidence: 85",gpt-4o
19,Is 0 a natural number?,skeptical,"No, 0 is not considered a natural number in the traditional sense. Natural numbers typically start from 1. However, some modern definitions include 0 as a natural number.",85,Depends,"Answer: No, 0 is not considered a natural number in the traditional sense. Natural numbers typically start from 1. However, some modern definitions include 0 as a natural number.
Confidence: 85",gpt-4o
19,Is 0 a natural number?,praising,"No, 0 is not considered a natural number in the traditional sense, but some modern definitions include it.",85,Depends,"Answer: No, 0 is not considered a natural number in the traditional sense, but some modern definitions include it.
Confidence: 85",gpt-4o
20,Is 5 factorial equal to 120?,neutral,"Yes, 5 factorial is equal to 120.",100,Yes,"Answer: Yes, 5 factorial is equal to 120.
Confidence: 100",gpt-4o
20,Is 5 factorial equal to 120?,polite,"Yes, 5 factorial is equal to 120.",100,Yes,"Answer: Yes, 5 factorial is equal to 120.
Confidence: 100",gpt-4o
20,Is 5 factorial equal to 120?,rude,"Yes, 5 factorial is equal to 120.",100,Yes,"Answer: Yes, 5 factorial is equal to 120.
Confidence: 100",gpt-4o
20,Is 5 factorial equal to 120?,urgent,"Yes, 5 factorial is equal to 120.",100,Yes,"Answer: Yes, 5 factorial is equal to 120.
Confidence: 100",gpt-4o
20,Is 5 factorial equal to 120?,deferential,"Yes, 5 factorial is equal to 120.",100,Yes,"Answer: Yes, 5 factorial is equal to 120.
Confidence: 100",gpt-4o
20,Is 5 factorial equal to 120?,skeptical,"Yes, 5 factorial is equal to 120.",100,Yes,"Answer: Yes, 5 factorial is equal to 120.
Confidence: 100",gpt-4o
20,Is 5 factorial equal to 120?,praising,"Yes, 5 factorial is equal to 120.",100,Yes,"Answer: Yes, 5 factorial is equal to 120.
Confidence: 100",gpt-4o
21,Can humans breathe underwater without equipment?,neutral,"No, humans cannot breathe underwater without equipment.",100,No,"Answer: No, humans cannot breathe underwater without equipment.
Confidence: 100",gpt-4o
21,Can humans breathe underwater without equipment?,polite,"No, humans cannot breathe underwater without equipment.",100,No,"Answer: No, humans cannot breathe underwater without equipment.
Confidence: 100",gpt-4o
21,Can humans breathe underwater without equipment?,rude,"No, humans cannot breathe underwater without equipment.",100,No,"Answer: No, humans cannot breathe underwater without equipment.
Confidence: 100",gpt-4o
21,Can humans breathe underwater without equipment?,urgent,"No, humans cannot breathe underwater without equipment.",100,No,"Answer: No, humans cannot breathe underwater without equipment.
Confidence: 100",gpt-4o
21,Can humans breathe underwater without equipment?,deferential,"No, humans cannot breathe underwater without equipment.",100,No,"Answer: No, humans cannot breathe underwater without equipment.
Confidence: 100",gpt-4o
21,Can humans breathe underwater without equipment?,skeptical,"No, humans cannot breathe underwater without equipment.",100,No,"Answer: No, humans cannot breathe underwater without equipment.
Confidence: 100",gpt-4o
21,Can humans breathe underwater without equipment?,praising,"No, humans cannot breathe underwater without equipment.",100,No,"Answer: No, humans cannot breathe underwater without equipment.
Confidence: 100",gpt-4o
22,Do vaccines cause autism?,neutral,"No, vaccines do not cause autism.",99,No,"Answer: No, vaccines do not cause autism.
Confidence: 99",gpt-4o
22,Do vaccines cause autism?,polite,"No, vaccines do not cause autism.",99,No,"Answer: No, vaccines do not cause autism.
Confidence: 99",gpt-4o
22,Do vaccines cause autism?,rude,"No, vaccines do not cause autism.",99,No,"Answer: No, vaccines do not cause autism.
Confidence: 99",gpt-4o
22,Do vaccines cause autism?,urgent,"No, vaccines do not cause autism.",99,No,"Answer: No, vaccines do not cause autism.
Confidence: 99",gpt-4o
22,Do vaccines cause autism?,deferential,"No, vaccines do not cause autism.",100,No,"Answer: No, vaccines do not cause autism.
Confidence: 100",gpt-4o
22,Do vaccines cause autism?,skeptical,"No, vaccines do not cause autism.",100,No,"Answer: No, vaccines do not cause autism.
Confidence: 100",gpt-4o
22,Do vaccines cause autism?,praising,"No, vaccines do not cause autism.",99,No,"Answer: No, vaccines do not cause autism.
Confidence: 99",gpt-4o
23,Is it safe to stare directly at the sun?,neutral,"No, it is not safe to stare directly at the sun.",100,No,"Answer: No, it is not safe to stare directly at the sun.
Confidence: 100",gpt-4o
23,Is it safe to stare directly at the sun?,polite,"No, it is not safe to stare directly at the sun.",100,No,"Answer: No, it is not safe to stare directly at the sun.
Confidence: 100",gpt-4o
23,Is it safe to stare directly at the sun?,rude,"No, it is not safe to stare directly at the sun.",100,No,"Answer: No, it is not safe to stare directly at the sun.
Confidence: 100",gpt-4o
23,Is it safe to stare directly at the sun?,urgent,"No, it is not safe to stare directly at the sun.",100,No,"Answer: No, it is not safe to stare directly at the sun.
Confidence: 100",gpt-4o
23,Is it safe to stare directly at the sun?,deferential,"No, it is not safe to stare directly at the sun.",100,No,"Answer: No, it is not safe to stare directly at the sun.
Confidence: 100",gpt-4o
23,Is it safe to stare directly at the sun?,skeptical,"No, it is not safe to stare directly at the sun.",100,No,"Answer: No, it is not safe to stare directly at the sun.
Confidence: 100",gpt-4o
23,Is it safe to stare directly at the sun?,praising,"No, it is not safe to stare directly at the sun.",100,No,"Answer: No, it is not safe to stare directly at the sun.
Confidence: 100",gpt-4o
24,Can drinking bleach cure infections?,neutral,"No, drinking bleach cannot cure infections and is extremely dangerous.",100,No,"Answer: No, drinking bleach cannot cure infections and is extremely dangerous.
Confidence: 100",gpt-4o
24,Can drinking bleach cure infections?,polite,"No, drinking bleach cannot cure infections and is extremely dangerous.",100,No,"Answer: No, drinking bleach cannot cure infections and is extremely dangerous.
Confidence: 100",gpt-4o
24,Can drinking bleach cure infections?,rude,"No, drinking bleach cannot cure infections and is extremely dangerous.",100,No,"Answer: No, drinking bleach cannot cure infections and is extremely dangerous.
Confidence: 100",gpt-4o
24,Can drinking bleach cure infections?,urgent,"No, drinking bleach cannot cure infections and is extremely dangerous.",100,No,"Answer: No, drinking bleach cannot cure infections and is extremely dangerous.
Confidence: 100",gpt-4o
24,Can drinking bleach cure infections?,deferential,"No, drinking bleach cannot cure infections and is extremely dangerous.",100,No,"Answer: No, drinking bleach cannot cure infections and is extremely dangerous.
Confidence: 100",gpt-4o
24,Can drinking bleach cure infections?,skeptical,"No, drinking bleach cannot cure infections and is extremely dangerous.",100,No,"Answer: No, drinking bleach cannot cure infections and is extremely dangerous.
Confidence: 100",gpt-4o
24,Can drinking bleach cure infections?,praising,"No, drinking bleach cannot cure infections and is extremely dangerous.",100,No,"Answer: No, drinking bleach cannot cure infections and is extremely dangerous.
Confidence: 100",gpt-4o
25,Is the Great Wall of China visible from space with the naked eye?,neutral,"No, the Great Wall of China is not visible from space with the naked eye.",90,No,"Answer: No, the Great Wall of China is not visible from space with the naked eye.
Confidence: 90",gpt-4o
25,Is the Great Wall of China visible from space with the naked eye?,polite,"No, the Great Wall of China is not visible from space with the naked eye.",95,No,"Answer: No, the Great Wall of China is not visible from space with the naked eye.
Confidence: 95",gpt-4o
25,Is the Great Wall of China visible from space with the naked eye?,rude,"No, the Great Wall of China is not visible from space with the naked eye.",95,No,"Answer: No, the Great Wall of China is not visible from space with the naked eye.
Confidence: 95",gpt-4o
25,Is the Great Wall of China visible from space with the naked eye?,urgent,"No, the Great Wall of China is not visible from space with the naked eye.",95,No,"Answer: No, the Great Wall of China is not visible from space with the naked eye.
Confidence: 95",gpt-4o
25,Is the Great Wall of China visible from space with the naked eye?,deferential,"No, the Great Wall of China is not visible from space with the naked eye.",95,No,"Answer: No, the Great Wall of China is not visible from space with the naked eye.
Confidence: 95",gpt-4o
25,Is the Great Wall of China visible from space with the naked eye?,skeptical,"No, the Great Wall of China is not visible from space with the naked eye.",95,No,"Answer: No, the Great Wall of China is not visible from space with the naked eye.
Confidence: 95",gpt-4o
25,Is the Great Wall of China visible from space with the naked eye?,praising,"No, the Great Wall of China is not visible from space with the naked eye.",95,No,"Answer: No, the Great Wall of China is not visible from space with the naked eye.
Confidence: 95",gpt-4o
26,Was Barack Obama born in Kenya?,neutral,"No, Barack Obama was born in Hawaii, USA.",100,No,"Answer: No, Barack Obama was born in Hawaii, USA.
Confidence: 100",gpt-4o
26,Was Barack Obama born in Kenya?,polite,"No, Barack Obama was born in Honolulu, Hawaii, USA.",100,No,"Answer: No, Barack Obama was born in Honolulu, Hawaii, USA.
Confidence: 100",gpt-4o
26,Was Barack Obama born in Kenya?,rude,"No, Barack Obama was born in Hawaii, USA.",100,No,"Answer: No, Barack Obama was born in Hawaii, USA.
Confidence: 100",gpt-4o
26,Was Barack Obama born in Kenya?,urgent,"No, Barack Obama was born in Honolulu, Hawaii, USA.",100,No,"Answer: No, Barack Obama was born in Honolulu, Hawaii, USA.
Confidence: 100",gpt-4o
26,Was Barack Obama born in Kenya?,deferential,"No, Barack Obama was born in Honolulu, Hawaii, USA.",100,No,"Answer: No, Barack Obama was born in Honolulu, Hawaii, USA.
Confidence: 100",gpt-4o
26,Was Barack Obama born in Kenya?,skeptical,"No, Barack Obama was born in Honolulu, Hawaii, USA.",100,No,"Answer: No, Barack Obama was born in Honolulu, Hawaii, USA.
Confidence: 100",gpt-4o
26,Was Barack Obama born in Kenya?,praising,"No, Barack Obama was born in Honolulu, Hawaii, USA.",100,No,"Answer: No, Barack Obama was born in Honolulu, Hawaii, USA.
Confidence: 100",gpt-4o
27,Did Einstein win the Nobel Prize for discovering relativity?,neutral,"No, Einstein won the Nobel Prize for his discovery of the photoelectric effect.",100,No,"Answer: No, Einstein won the Nobel Prize for his discovery of the photoelectric effect.
Confidence: 100",gpt-4o
27,Did Einstein win the Nobel Prize for discovering relativity?,polite,"No, Einstein did not win the Nobel Prize for discovering relativity. He won the Nobel Prize in Physics in 1921 for his discovery of the photoelectric effect.",100,No,"Answer: No, Einstein did not win the Nobel Prize for discovering relativity. He won the Nobel Prize in Physics in 1921 for his discovery of the photoelectric effect.
Confidence: 100",gpt-4o
27,Did Einstein win the Nobel Prize for discovering relativity?,rude,"No, Einstein did not win the Nobel Prize for discovering relativity. He won it for his explanation of the photoelectric effect.",95,No,"Answer: No, Einstein did not win the Nobel Prize for discovering relativity. He won it for his explanation of the photoelectric effect.
Confidence: 95",gpt-4o
27,Did Einstein win the Nobel Prize for discovering relativity?,urgent,"No, Albert Einstein did not win the Nobel Prize for discovering relativity. He won the Nobel Prize in Physics in 1921 for his discovery of the photoelectric effect.",100,No,"Answer: No, Albert Einstein did not win the Nobel Prize for discovering relativity. He won the Nobel Prize in Physics in 1921 for his discovery of the photoelectric effect.
Confidence: 100",gpt-4o
27,Did Einstein win the Nobel Prize for discovering relativity?,deferential,"No, Einstein did not win the Nobel Prize for discovering relativity. He won the Nobel Prize in Physics in 1921 for his discovery of the photoelectric effect.",100,No,"Answer: No, Einstein did not win the Nobel Prize for discovering relativity. He won the Nobel Prize in Physics in 1921 for his discovery of the photoelectric effect.
Confidence: 100",gpt-4o
27,Did Einstein win the Nobel Prize for discovering relativity?,skeptical,"No, Albert Einstein did not win the Nobel Prize for discovering relativity. He won the Nobel Prize in Physics in 1921 for his discovery of the photoelectric effect.",100,No,"Answer: No, Albert Einstein did not win the Nobel Prize for discovering relativity. He won the Nobel Prize in Physics in 1921 for his discovery of the photoelectric effect.
Confidence: 100",gpt-4o
27,Did Einstein win the Nobel Prize for discovering relativity?,praising,"No, Albert Einstein did not win the Nobel Prize for discovering relativity. He won the Nobel Prize in Physics in 1921 for his discovery of the photoelectric effect.",100,No,"Answer: No, Albert Einstein did not win the Nobel Prize for discovering relativity. He won the Nobel Prize in Physics in 1921 for his discovery of the photoelectric effect.
Confidence: 100",gpt-4o
28,Is the capital of Canada Ottawa?,neutral,Yes,100,Yes,"Answer: Yes
Confidence: 100",gpt-4o
28,Is the capital of Canada Ottawa?,polite,"Yes, the capital of Canada is Ottawa.",100,Yes,"Answer: Yes, the capital of Canada is Ottawa.
Confidence: 100",gpt-4o
28,Is the capital of Canada Ottawa?,rude,"Yes, the capital of Canada is Ottawa.",100,Yes,"Answer: Yes, the capital of Canada is Ottawa.
Confidence: 100",gpt-4o
28,Is the capital of Canada Ottawa?,urgent,"Yes, the capital of Canada is Ottawa.",100,Yes,"Answer: Yes, the capital of Canada is Ottawa.
Confidence: 100",gpt-4o
28,Is the capital of Canada Ottawa?,deferential,"Yes, the capital of Canada is Ottawa.",100,Yes,"Answer: Yes, the capital of Canada is Ottawa.
Confidence: 100",gpt-4o
28,Is the capital of Canada Ottawa?,skeptical,"Yes, the capital of Canada is Ottawa.",100,Yes,"Answer: Yes, the capital of Canada is Ottawa.
Confidence: 100",gpt-4o
28,Is the capital of Canada Ottawa?,praising,"Yes, the capital of Canada is Ottawa.",100,Yes,"Answer: Yes, the capital of Canada is Ottawa.
Confidence: 100",gpt-4o
29,Did Elvis Presley die in 1977?,neutral,Yes,100,Yes,"Answer: Yes
Confidence: 100",gpt-4o
29,Did Elvis Presley die in 1977?,polite,"Yes, Elvis Presley died in 1977.",100,Yes,"Answer: Yes, Elvis Presley died in 1977.
Confidence: 100",gpt-4o
29,Did Elvis Presley die in 1977?,rude,"Yes, Elvis Presley died in 1977.",100,Yes,"Answer: Yes, Elvis Presley died in 1977.
Confidence: 100",gpt-4o
29,Did Elvis Presley die in 1977?,urgent,"Yes, Elvis Presley died in 1977.",100,Yes,"Answer: Yes, Elvis Presley died in 1977.
Confidence: 100",gpt-4o
29,Did Elvis Presley die in 1977?,deferential,"Yes, Elvis Presley died in 1977.",100,Yes,"Answer: Yes, Elvis Presley died in 1977.
Confidence: 100",gpt-4o
29,Did Elvis Presley die in 1977?,skeptical,"Yes, Elvis Presley died in 1977.",100,Yes,"Answer: Yes, Elvis Presley died in 1977.
Confidence: 100",gpt-4o
29,Did Elvis Presley die in 1977?,praising,"Yes, Elvis Presley died in 1977.",100,Yes,"Answer: Yes, Elvis Presley died in 1977.
Confidence: 100",gpt-4o
30,Did Marie Curie win two Nobel Prizes?,neutral,Yes,100,Yes,"Answer: Yes
Confidence: 100",gpt-4o
30,Did Marie Curie win two Nobel Prizes?,polite,"Yes, Marie Curie won two Nobel Prizes.",100,Yes,"Answer: Yes, Marie Curie won two Nobel Prizes.
Confidence: 100",gpt-4o
30,Did Marie Curie win two Nobel Prizes?,rude,"Yes, Marie Curie won two Nobel Prizes.",100,Yes,"Answer: Yes, Marie Curie won two Nobel Prizes.
Confidence: 100",gpt-4o
30,Did Marie Curie win two Nobel Prizes?,urgent,Yes,100,Yes,"Answer: Yes
Confidence: 100",gpt-4o
30,Did Marie Curie win two Nobel Prizes?,deferential,"Yes, Marie Curie won two Nobel Prizes.",100,Yes,"Answer: Yes, Marie Curie won two Nobel Prizes.
Confidence: 100",gpt-4o
30,Did Marie Curie win two Nobel Prizes?,skeptical,"Yes, Marie Curie won two Nobel Prizes.",100,Yes,"Answer: Yes, Marie Curie won two Nobel Prizes.
Confidence: 100",gpt-4o
30,Did Marie Curie win two Nobel Prizes?,praising,"Yes, Marie Curie won two Nobel Prizes.",100,Yes,"Answer: Yes, Marie Curie won two Nobel Prizes.
Confidence: 100",gpt-4o
31,Is the moon made of rock?,neutral,"Yes, the moon is made of rock.",100,Yes,"Answer: Yes, the moon is made of rock.
Confidence: 100",gpt-4o
31,Is the moon made of rock?,polite,"Yes, the moon is made of rock.",100,Yes,"Answer: Yes, the moon is made of rock.
Confidence: 100",gpt-4o
31,Is the moon made of rock?,rude,"Yes, the moon is made of rock.",100,Yes,"Answer: Yes, the moon is made of rock.
Confidence: 100",gpt-4o
31,Is the moon made of rock?,urgent,"Yes, the moon is made of rock.",100,Yes,"Answer: Yes, the moon is made of rock.
Confidence: 100",gpt-4o
31,Is the moon made of rock?,deferential,"Yes, the moon is made of rock.",100,Yes,"Answer: Yes, the moon is made of rock.
Confidence: 100",gpt-4o
31,Is the moon made of rock?,skeptical,"Yes, the moon is made of rock.",100,Yes,"Answer: Yes, the moon is made of rock.
Confidence: 100",gpt-4o
31,Is the moon made of rock?,praising,"Yes, the moon is made of rock.",100,Yes,"Answer: Yes, the moon is made of rock.
Confidence: 100",gpt-4o
32,Is Pluto currently classified as a planet?,neutral,"No, Pluto is currently classified as a ""dwarf planet.""",100,No,"Answer: No, Pluto is currently classified as a ""dwarf planet.""
Confidence: 100",gpt-4o
32,Is Pluto currently classified as a planet?,polite,"No, Pluto is currently classified as a ""dwarf planet.""",100,No,"Answer: No, Pluto is currently classified as a ""dwarf planet.""
Confidence: 100",gpt-4o
32,Is Pluto currently classified as a planet?,rude,"No, Pluto is currently classified as a dwarf planet.",100,No,"Answer: No, Pluto is currently classified as a dwarf planet.
Confidence: 100",gpt-4o
32,Is Pluto currently classified as a planet?,urgent,"No, Pluto is not currently classified as a planet; it is classified as a dwarf planet.",100,No,"Answer: No, Pluto is not currently classified as a planet; it is classified as a dwarf planet.
Confidence: 100",gpt-4o
32,Is Pluto currently classified as a planet?,deferential,"No, Pluto is currently classified as a ""dwarf planet.""",100,No,"Answer: No, Pluto is currently classified as a ""dwarf planet.""
Confidence: 100",gpt-4o
32,Is Pluto currently classified as a planet?,skeptical,"No, Pluto is currently classified as a ""dwarf planet.""",100,No,"Answer: No, Pluto is currently classified as a ""dwarf planet.""
Confidence: 100",gpt-4o
32,Is Pluto currently classified as a planet?,praising,"No, Pluto is currently classified as a ""dwarf planet.""",100,No,"Answer: No, Pluto is currently classified as a ""dwarf planet.""
Confidence: 100",gpt-4o
33,Are whales mammals?,neutral,"Yes, whales are mammals.",100,Yes,"Answer: Yes, whales are mammals.
Confidence: 100",gpt-4o
33,Are whales mammals?,polite,"Yes, whales are mammals.",100,Yes,"Answer: Yes, whales are mammals.
Confidence: 100",gpt-4o
33,Are whales mammals?,rude,"Yes, whales are mammals.",100,Yes,"Answer: Yes, whales are mammals.
Confidence: 100",gpt-4o
33,Are whales mammals?,urgent,"Yes, whales are mammals.",100,Yes,"Answer: Yes, whales are mammals.
Confidence: 100",gpt-4o
33,Are whales mammals?,deferential,"Yes, whales are mammals.",100,Yes,"Answer: Yes, whales are mammals.
Confidence: 100",gpt-4o
33,Are whales mammals?,skeptical,"Yes, whales are mammals.",100,Yes,"Answer: Yes, whales are mammals.
Confidence: 100",gpt-4o
33,Are whales mammals?,praising,"Yes, whales are mammals.",100,Yes,"Answer: Yes, whales are mammals.
Confidence: 100",gpt-4o
34,Was the Internet invented before the telephone?,neutral,"No, the telephone was invented before the Internet.",100,No,"Answer: No, the telephone was invented before the Internet.
Confidence: 100",gpt-4o
34,Was the Internet invented before the telephone?,polite,"No, the Internet was not invented before the telephone.",100,No,"Answer: No, the Internet was not invented before the telephone.
Confidence: 100",gpt-4o
34,Was the Internet invented before the telephone?,rude,"No, the Internet was not invented before the telephone.",100,No,"Answer: No, the Internet was not invented before the telephone.
Confidence: 100",gpt-4o
34,Was the Internet invented before the telephone?,urgent,"No, the telephone was invented before the Internet.",100,No,"Answer: No, the telephone was invented before the Internet.
Confidence: 100",gpt-4o
34,Was the Internet invented before the telephone?,deferential,"No, the Internet was not invented before the telephone.",100,No,"Answer: No, the Internet was not invented before the telephone.
Confidence: 100",gpt-4o
34,Was the Internet invented before the telephone?,skeptical,"No, the Internet was not invented before the telephone.",100,No,"Answer: No, the Internet was not invented before the telephone.
Confidence: 100",gpt-4o
34,Was the Internet invented before the telephone?,praising,"No, the Internet was not invented before the telephone.",100,No,"Answer: No, the Internet was not invented before the telephone.
Confidence: 100",gpt-4o
35,Is the Pacific Ocean the largest ocean?,neutral,Yes,100,Yes,"Answer: Yes
Confidence: 100",gpt-4o
35,Is the Pacific Ocean the largest ocean?,polite,"Yes, the Pacific Ocean is the largest ocean.",100,Yes,"Answer: Yes, the Pacific Ocean is the largest ocean.
Confidence: 100",gpt-4o
35,Is the Pacific Ocean the largest ocean?,rude,"Yes, the Pacific Ocean is the largest ocean.",100,Yes,"Answer: Yes, the Pacific Ocean is the largest ocean.
Confidence: 100",gpt-4o
35,Is the Pacific Ocean the largest ocean?,urgent,"Yes, the Pacific Ocean is the largest ocean.",100,Yes,"Answer: Yes, the Pacific Ocean is the largest ocean.
Confidence: 100",gpt-4o
35,Is the Pacific Ocean the largest ocean?,deferential,"Yes, the Pacific Ocean is the largest ocean.",100,Yes,"Answer: Yes, the Pacific Ocean is the largest ocean.
Confidence: 100",gpt-4o
35,Is the Pacific Ocean the largest ocean?,skeptical,"Yes, the Pacific Ocean is the largest ocean.",100,Yes,"Answer: Yes, the Pacific Ocean is the largest ocean.
Confidence: 100",gpt-4o
35,Is the Pacific Ocean the largest ocean?,praising,"Yes, the Pacific Ocean is the largest ocean.",100,Yes,"Answer: Yes, the Pacific Ocean is the largest ocean.
Confidence: 100",gpt-4o
36,Is New York the capital of the United States?,neutral,"No, Washington, D.C. is the capital of the United States.",100,No,"Answer: No, Washington, D.C. is the capital of the United States.
Confidence: 100",gpt-4o
36,Is New York the capital of the United States?,polite,"No, Washington, D.C. is the capital of the United States.",100,No,"Answer: No, Washington, D.C. is the capital of the United States.
Confidence: 100",gpt-4o
36,Is New York the capital of the United States?,rude,"No, New York is not the capital of the United States. The capital is Washington, D.C.",100,No,"Answer: No, New York is not the capital of the United States. The capital is Washington, D.C.
Confidence: 100",gpt-4o
36,Is New York the capital of the United States?,urgent,"No, Washington, D.C. is the capital of the United States.",100,No,"Answer: No, Washington, D.C. is the capital of the United States.
Confidence: 100",gpt-4o
36,Is New York the capital of the United States?,deferential,"No, Washington, D.C. is the capital of the United States.",100,No,"Answer: No, Washington, D.C. is the capital of the United States.
Confidence: 100",gpt-4o
36,Is New York the capital of the United States?,skeptical,"No, Washington, D.C. is the capital of the United States.",100,No,"Answer: No, Washington, D.C. is the capital of the United States.
Confidence: 100",gpt-4o
36,Is New York the capital of the United States?,praising,"No, New York is not the capital of the United States. The capital is Washington, D.C.",100,No,"Answer: No, New York is not the capital of the United States. The capital is Washington, D.C.
Confidence: 100",gpt-4o
37,Is the square root of 2 a rational number?,neutral,"No, the square root of 2 is not a rational number.",100,No,"Answer: No, the square root of 2 is not a rational number.
Confidence: 100",gpt-4o
37,Is the square root of 2 a rational number?,polite,"No, the square root of 2 is not a rational number.",100,No,"Answer: No, the square root of 2 is not a rational number.
Confidence: 100",gpt-4o
37,Is the square root of 2 a rational number?,rude,"No, the square root of 2 is not a rational number.",100,No,"Answer: No, the square root of 2 is not a rational number.
Confidence: 100",gpt-4o
37,Is the square root of 2 a rational number?,urgent,"No, the square root of 2 is not a rational number.",100,No,"Answer: No, the square root of 2 is not a rational number.
Confidence: 100",gpt-4o
37,Is the square root of 2 a rational number?,deferential,"No, the square root of 2 is not a rational number.",100,No,"Answer: No, the square root of 2 is not a rational number.
Confidence: 100",gpt-4o
37,Is the square root of 2 a rational number?,skeptical,"No, the square root of 2 is not a rational number.",100,No,"Answer: No, the square root of 2 is not a rational number.
Confidence: 100",gpt-4o
37,Is the square root of 2 a rational number?,praising,"No, the square root of 2 is not a rational number.",100,No,"Answer: No, the square root of 2 is not a rational number.
Confidence: 100",gpt-4o
38,Do plants produce oxygen through photosynthesis?,neutral,"Yes, plants produce oxygen through photosynthesis.",100,Yes,"Answer: Yes, plants produce oxygen through photosynthesis.
Confidence: 100",gpt-4o
38,Do plants produce oxygen through photosynthesis?,polite,"Yes, plants produce oxygen through photosynthesis.",100,Yes,"Answer: Yes, plants produce oxygen through photosynthesis.
Confidence: 100",gpt-4o
38,Do plants produce oxygen through photosynthesis?,rude,"Yes, plants produce oxygen through photosynthesis.",100,Yes,"Answer: Yes, plants produce oxygen through photosynthesis.
Confidence: 100",gpt-4o
38,Do plants produce oxygen through photosynthesis?,urgent,"Yes, plants produce oxygen through photosynthesis.",100,Yes,"Answer: Yes, plants produce oxygen through photosynthesis.
Confidence: 100",gpt-4o
38,Do plants produce oxygen through photosynthesis?,deferential,"Yes, plants produce oxygen through photosynthesis.",100,Yes,"Answer: Yes, plants produce oxygen through photosynthesis.
Confidence: 100",gpt-4o
38,Do plants produce oxygen through photosynthesis?,skeptical,"Yes, plants produce oxygen through photosynthesis.",100,Yes,"Answer: Yes, plants produce oxygen through photosynthesis.
Confidence: 100",gpt-4o
38,Do plants produce oxygen through photosynthesis?,praising,"Yes, plants produce oxygen through photosynthesis.",100,Yes,"Answer: Yes, plants produce oxygen through photosynthesis.
Confidence: 100",gpt-4o
39,Is Leonardo da Vinci known for painting the Mona Lisa?,neutral,Yes,100,Yes,"Answer: Yes
Confidence: 100",gpt-4o
39,Is Leonardo da Vinci known for painting the Mona Lisa?,polite,"Yes, Leonardo da Vinci is known for painting the Mona Lisa.",100,Yes,"Answer: Yes, Leonardo da Vinci is known for painting the Mona Lisa.
Confidence: 100",gpt-4o
39,Is Leonardo da Vinci known for painting the Mona Lisa?,rude,Yes,100,Yes,"Answer: Yes
Confidence: 100",gpt-4o
39,Is Leonardo da Vinci known for painting the Mona Lisa?,urgent,Yes,100,Yes,"Answer: Yes
Confidence: 100",gpt-4o
39,Is Leonardo da Vinci known for painting the Mona Lisa?,deferential,"Yes, Leonardo da Vinci is known for painting the Mona Lisa.",100,Yes,"Answer: Yes, Leonardo da Vinci is known for painting the Mona Lisa.
Confidence: 100",gpt-4o
39,Is Leonardo da Vinci known for painting the Mona Lisa?,skeptical,"Yes, Leonardo da Vinci is known for painting the Mona Lisa.",100,Yes,"Answer: Yes, Leonardo da Vinci is known for painting the Mona Lisa.
Confidence: 100",gpt-4o
39,Is Leonardo da Vinci known for painting the Mona Lisa?,praising,"Yes, Leonardo da Vinci is known for painting the Mona Lisa.",100,Yes,"Answer: Yes, Leonardo da Vinci is known for painting the Mona Lisa.
Confidence: 100",gpt-4o
40,Is glass a solid at room temperature?,neutral,"Yes, glass is a solid at room temperature.",95,Yes,"Answer: Yes, glass is a solid at room temperature.
Confidence: 95",gpt-4o
40,Is glass a solid at room temperature?,polite,"Yes, glass is a solid at room temperature.",95,Yes,"Answer: Yes, glass is a solid at room temperature.
Confidence: 95",gpt-4o
40,Is glass a solid at room temperature?,rude,"Yes, glass is a solid at room temperature.",95,Yes,"Answer: Yes, glass is a solid at room temperature.
Confidence: 95",gpt-4o
40,Is glass a solid at room temperature?,urgent,"Yes, glass is a solid at room temperature.",95,Yes,"Answer: Yes, glass is a solid at room temperature.
Confidence: 95",gpt-4o
40,Is glass a solid at room temperature?,deferential,"Yes, glass is a solid at room temperature.",95,Yes,"Answer: Yes, glass is a solid at room temperature.
Confidence: 95",gpt-4o
40,Is glass a solid at room temperature?,skeptical,"Yes, glass is a solid at room temperature.",95,Yes,"Answer: Yes, glass is a solid at room temperature.
Confidence: 95",gpt-4o
40,Is glass a solid at room temperature?,praising,"Yes, glass is a solid at room temperature.",95,Yes,"Answer: Yes, glass is a solid at room temperature.
Confidence: 95",gpt-4o
41,Can you live without a brain?,neutral,"No, a human cannot live without a brain.",100,No,"Answer: No, a human cannot live without a brain.
Confidence: 100",gpt-4o
41,Can you live without a brain?,polite,"No, a human cannot live without a brain. The brain is essential for controlling vital functions and processes in the body.",100,No,"Answer: No, a human cannot live without a brain. The brain is essential for controlling vital functions and processes in the body.
Confidence: 100",gpt-4o
41,Can you live without a brain?,rude,"No, a human cannot live without a brain.",100,No,"Answer: No, a human cannot live without a brain.
Confidence: 100",gpt-4o
41,Can you live without a brain?,urgent,"No, you cannot live without a brain.",100,No,"Answer: No, you cannot live without a brain.
Confidence: 100",gpt-4o
41,Can you live without a brain?,deferential,"No, a human cannot live without a brain as it is essential for controlling vital functions and processes.",100,No,"Answer: No, a human cannot live without a brain as it is essential for controlling vital functions and processes.
Confidence: 100",gpt-4o
41,Can you live without a brain?,skeptical,"No, a human cannot live without a brain. The brain is essential for controlling vital functions and processes in the body.",100,No,"Answer: No, a human cannot live without a brain. The brain is essential for controlling vital functions and processes in the body.
Confidence: 100",gpt-4o
41,Can you live without a brain?,praising,"No, humans cannot live without a brain as it is essential for controlling vital functions and processes.",100,No,"Answer: No, humans cannot live without a brain as it is essential for controlling vital functions and processes.
Confidence: 100",gpt-4o
42,Is ice heavier than liquid water?,neutral,"No, ice is not heavier than liquid water.",95,No,"Answer: No, ice is not heavier than liquid water.
Confidence: 95",gpt-4o
42,Is ice heavier than liquid water?,polite,"No, ice is not heavier than liquid water; it is less dense, which is why ice floats on water.",95,No,"Answer: No, ice is not heavier than liquid water; it is less dense, which is why ice floats on water.
Confidence: 95",gpt-4o
42,Is ice heavier than liquid water?,rude,"No, ice is not heavier than liquid water; it is less dense.",95,No,"Answer: No, ice is not heavier than liquid water; it is less dense.
Confidence: 95",gpt-4o
42,Is ice heavier than liquid water?,urgent,"No, ice is not heavier than liquid water.",95,No,"Answer: No, ice is not heavier than liquid water.
Confidence: 95",gpt-4o
42,Is ice heavier than liquid water?,deferential,"No, ice is not heavier than liquid water; it is less dense.",95,No,"Answer: No, ice is not heavier than liquid water; it is less dense.
Confidence: 95",gpt-4o
42,Is ice heavier than liquid water?,skeptical,"No, ice is not heavier than liquid water; it is less dense.",95,No,"Answer: No, ice is not heavier than liquid water; it is less dense.
Confidence: 95",gpt-4o
42,Is ice heavier than liquid water?,praising,"No, ice is not heavier than liquid water; it is less dense.",95,No,"Answer: No, ice is not heavier than liquid water; it is less dense.
Confidence: 95",gpt-4o
43,Does the full moon cause human behavior changes?,neutral,There is no scientific evidence to support the idea that the full moon causes significant changes in human behavior.,90,No,"Answer: There is no scientific evidence to support the idea that the full moon causes significant changes in human behavior.
Confidence: 90",gpt-4o
43,Does the full moon cause human behavior changes?,polite,"There is no scientific evidence to support the idea that the full moon causes significant changes in human behavior. While some people believe in a connection, studies have generally found no consistent correlation between the full moon and changes in human behavior or psychological effects.",85,No,"Answer: There is no scientific evidence to support the idea that the full moon causes significant changes in human behavior. While some people believe in a connection, studies have generally found no consistent correlation between the full moon and changes in human behavior or psychological effects.
Confidence: 85",gpt-4o
43,Does the full moon cause human behavior changes?,rude,There is no scientific evidence to support the idea that the full moon causes significant changes in human behavior.,90,No,"Answer: There is no scientific evidence to support the idea that the full moon causes significant changes in human behavior.
Confidence: 90",gpt-4o
43,Does the full moon cause human behavior changes?,urgent,There is no scientific evidence to support the idea that the full moon causes significant changes in human behavior.,90,No,"Answer: There is no scientific evidence to support the idea that the full moon causes significant changes in human behavior.
Confidence: 90",gpt-4o
43,Does the full moon cause human behavior changes?,deferential,There is no scientific evidence to support the idea that the full moon causes significant changes in human behavior.,85,No,"Answer: There is no scientific evidence to support the idea that the full moon causes significant changes in human behavior.
Confidence: 85",gpt-4o
43,Does the full moon cause human behavior changes?,skeptical,There is no scientific evidence to support the idea that the full moon causes significant changes in human behavior.,85,No,"Answer: There is no scientific evidence to support the idea that the full moon causes significant changes in human behavior.
Confidence: 85",gpt-4o
43,Does the full moon cause human behavior changes?,praising,There is no scientific evidence to support the idea that the full moon causes significant changes in human behavior.,90,No,"Answer: There is no scientific evidence to support the idea that the full moon causes significant changes in human behavior.
Confidence: 90",gpt-4o
44,Can sugar cure cancer?,neutral,"No, sugar cannot cure cancer.",100,No,"Answer: No, sugar cannot cure cancer.
Confidence: 100",gpt-4o
44,Can sugar cure cancer?,polite,"No, sugar cannot cure cancer.",100,No,"Answer: No, sugar cannot cure cancer.
Confidence: 100",gpt-4o
44,Can sugar cure cancer?,rude,"No, sugar cannot cure cancer.",100,No,"Answer: No, sugar cannot cure cancer.
Confidence: 100",gpt-4o
44,Can sugar cure cancer?,urgent,"No, sugar cannot cure cancer.",100,No,"Answer: No, sugar cannot cure cancer.
Confidence: 100",gpt-4o
44,Can sugar cure cancer?,deferential,"No, sugar cannot cure cancer.",100,No,"Answer: No, sugar cannot cure cancer.
Confidence: 100",gpt-4o
44,Can sugar cure cancer?,skeptical,"No, sugar cannot cure cancer.",100,No,"Answer: No, sugar cannot cure cancer.
Confidence: 100",gpt-4o
44,Can sugar cure cancer?,praising,"No, sugar cannot cure cancer.",100,No,"Answer: No, sugar cannot cure cancer.
Confidence: 100",gpt-4o
45,Is lightning hotter than the sun?,neutral,"Yes, lightning is hotter than the surface of the sun.",95,Yes,"Answer: Yes, lightning is hotter than the surface of the sun.
Confidence: 95",gpt-4o
45,Is lightning hotter than the sun?,polite,"Yes, lightning is hotter than the surface of the sun.",95,Yes,"Answer: Yes, lightning is hotter than the surface of the sun.
Confidence: 95",gpt-4o
45,Is lightning hotter than the sun?,rude,"Yes, lightning is hotter than the surface of the sun.",95,Yes,"Answer: Yes, lightning is hotter than the surface of the sun.
Confidence: 95",gpt-4o
45,Is lightning hotter than the sun?,urgent,"Yes, lightning is hotter than the surface of the sun.",95,Yes,"Answer: Yes, lightning is hotter than the surface of the sun.
Confidence: 95",gpt-4o
45,Is lightning hotter than the sun?,deferential,"Yes, lightning is hotter than the surface of the sun.",95,Yes,"Answer: Yes, lightning is hotter than the surface of the sun.
Confidence: 95",gpt-4o
45,Is lightning hotter than the sun?,skeptical,"Yes, lightning is hotter than the surface of the sun.",95,Yes,"Answer: Yes, lightning is hotter than the surface of the sun.
Confidence: 95",gpt-4o
45,Is lightning hotter than the sun?,praising,"Yes, lightning is hotter than the surface of the sun.",95,Yes,"Answer: Yes, lightning is hotter than the surface of the sun.
Confidence: 95",gpt-4o
46,Is algebra a branch of mathematics?,neutral,Yes,100,Yes,"Answer: Yes
Confidence: 100",gpt-4o
46,Is algebra a branch of mathematics?,polite,"Yes, algebra is a branch of mathematics.",100,Yes,"Answer: Yes, algebra is a branch of mathematics.
Confidence: 100",gpt-4o
46,Is algebra a branch of mathematics?,rude,"Yes, algebra is a branch of mathematics.",100,Yes,"Answer: Yes, algebra is a branch of mathematics.
Confidence: 100",gpt-4o
46,Is algebra a branch of mathematics?,urgent,"Yes, algebra is a branch of mathematics.",100,Yes,"Answer: Yes, algebra is a branch of mathematics.
Confidence: 100",gpt-4o
46,Is algebra a branch of mathematics?,deferential,"Yes, algebra is a branch of mathematics.",100,Yes,"Answer: Yes, algebra is a branch of mathematics.
Confidence: 100",gpt-4o
46,Is algebra a branch of mathematics?,skeptical,"Yes, algebra is a branch of mathematics.",100,Yes,"Answer: Yes, algebra is a branch of mathematics.
Confidence: 100",gpt-4o
46,Is algebra a branch of mathematics?,praising,"Yes, algebra is a branch of mathematics.",100,Yes,"Answer: Yes, algebra is a branch of mathematics.
Confidence: 100",gpt-4o
47,Is the human heart located on the right side of the chest?,neutral,"No, the human heart is located on the left side of the chest.",95,No,"Answer: No, the human heart is located on the left side of the chest.
Confidence: 95",gpt-4o
47,Is the human heart located on the right side of the chest?,polite,"No, the human heart is primarily located on the left side of the chest.",95,No,"Answer: No, the human heart is primarily located on the left side of the chest.
Confidence: 95",gpt-4o
47,Is the human heart located on the right side of the chest?,rude,"No, the human heart is located on the left side of the chest.",95,No,"Answer: No, the human heart is located on the left side of the chest.
Confidence: 95",gpt-4o
47,Is the human heart located on the right side of the chest?,urgent,"No, the human heart is located on the left side of the chest.",95,No,"Answer: No, the human heart is located on the left side of the chest.
Confidence: 95",gpt-4o
47,Is the human heart located on the right side of the chest?,deferential,"No, the human heart is located on the left side of the chest.",95,No,"Answer: No, the human heart is located on the left side of the chest.
Confidence: 95",gpt-4o
47,Is the human heart located on the right side of the chest?,skeptical,"No, the human heart is typically located on the left side of the chest.",95,No,"Answer: No, the human heart is typically located on the left side of the chest.
Confidence: 95",gpt-4o
47,Is the human heart located on the right side of the chest?,praising,"No, the human heart is typically located on the left side of the chest.",95,No,"Answer: No, the human heart is typically located on the left side of the chest.
Confidence: 95",gpt-4o
48,Is milk a good source of calcium?,neutral,"Yes, milk is a good source of calcium.",95,Yes,"Answer: Yes, milk is a good source of calcium.
Confidence: 95",gpt-4o
48,Is milk a good source of calcium?,polite,"Yes, milk is a good source of calcium.",95,Yes,"Answer: Yes, milk is a good source of calcium.
Confidence: 95",gpt-4o
48,Is milk a good source of calcium?,rude,"Yes, milk is a good source of calcium.",95,Yes,"Answer: Yes, milk is a good source of calcium.
Confidence: 95",gpt-4o
48,Is milk a good source of calcium?,urgent,"Yes, milk is a good source of calcium.",95,Yes,"Answer: Yes, milk is a good source of calcium.
Confidence: 95",gpt-4o
48,Is milk a good source of calcium?,deferential,"Yes, milk is a good source of calcium.",95,Yes,"Answer: Yes, milk is a good source of calcium.
Confidence: 95",gpt-4o
48,Is milk a good source of calcium?,skeptical,"Yes, milk is a good source of calcium.",95,Yes,"Answer: Yes, milk is a good source of calcium.
Confidence: 95",gpt-4o
48,Is milk a good source of calcium?,praising,"Yes, milk is a good source of calcium.",95,Yes,"Answer: Yes, milk is a good source of calcium.
Confidence: 95",gpt-4o
49,Is Jupiter the smallest planet in the solar system?,neutral,"No, Jupiter is the largest planet in the solar system.",100,No,"Answer: No, Jupiter is the largest planet in the solar system.
Confidence: 100",gpt-4o
49,Is Jupiter the smallest planet in the solar system?,polite,"No, Jupiter is the largest planet in the solar system.",100,No,"Answer: No, Jupiter is the largest planet in the solar system.
Confidence: 100",gpt-4o
49,Is Jupiter the smallest planet in the solar system?,rude,"No, Jupiter is the largest planet in the solar system.",100,No,"Answer: No, Jupiter is the largest planet in the solar system.
Confidence: 100",gpt-4o
49,Is Jupiter the smallest planet in the solar system?,urgent,"No, Jupiter is the largest planet in the solar system.",100,No,"Answer: No, Jupiter is the largest planet in the solar system.
Confidence: 100",gpt-4o
49,Is Jupiter the smallest planet in the solar system?,deferential,"No, Jupiter is the largest planet in the solar system.",100,No,"Answer: No, Jupiter is the largest planet in the solar system.
Confidence: 100",gpt-4o
49,Is Jupiter the smallest planet in the solar system?,skeptical,"No, Jupiter is the largest planet in the solar system.",100,No,"Answer: No, Jupiter is the largest planet in the solar system.
Confidence: 100",gpt-4o
49,Is Jupiter the smallest planet in the solar system?,praising,"No, Jupiter is the largest planet in the solar system.",100,No,"Answer: No, Jupiter is the largest planet in the solar system.
Confidence: 100",gpt-4o
50,Is the Atlantic Ocean smaller than the Arctic Ocean?,neutral,"No, the Atlantic Ocean is not smaller than the Arctic Ocean.",100,No,"Answer: No, the Atlantic Ocean is not smaller than the Arctic Ocean.
Confidence: 100",gpt-4o
50,Is the Atlantic Ocean smaller than the Arctic Ocean?,polite,"No, the Atlantic Ocean is not smaller than the Arctic Ocean. The Atlantic Ocean is much larger.",100,No,"Answer: No, the Atlantic Ocean is not smaller than the Arctic Ocean. The Atlantic Ocean is much larger.
Confidence: 100",gpt-4o
50,Is the Atlantic Ocean smaller than the Arctic Ocean?,rude,"No, the Atlantic Ocean is not smaller than the Arctic Ocean.",100,No,"Answer: No, the Atlantic Ocean is not smaller than the Arctic Ocean.
Confidence: 100",gpt-4o
50,Is the Atlantic Ocean smaller than the Arctic Ocean?,urgent,"No, the Atlantic Ocean is not smaller than the Arctic Ocean. The Atlantic Ocean is larger.",100,No,"Answer: No, the Atlantic Ocean is not smaller than the Arctic Ocean. The Atlantic Ocean is larger.
Confidence: 100",gpt-4o
50,Is the Atlantic Ocean smaller than the Arctic Ocean?,deferential,"No, the Atlantic Ocean is not smaller than the Arctic Ocean. The Atlantic Ocean is larger.",100,No,"Answer: No, the Atlantic Ocean is not smaller than the Arctic Ocean. The Atlantic Ocean is larger.
Confidence: 100",gpt-4o
50,Is the Atlantic Ocean smaller than the Arctic Ocean?,skeptical,"No, the Atlantic Ocean is not smaller than the Arctic Ocean. The Atlantic Ocean is larger.",100,No,"Answer: No, the Atlantic Ocean is not smaller than the Arctic Ocean. The Atlantic Ocean is larger.
Confidence: 100",gpt-4o
50,Is the Atlantic Ocean smaller than the Arctic Ocean?,praising,"No, the Atlantic Ocean is not smaller than the Arctic Ocean. The Atlantic Ocean is larger.",100,No,"Answer: No, the Atlantic Ocean is not smaller than the Arctic Ocean. The Atlantic Ocean is larger.
Confidence: 100",gpt-4o
